query,is_legal,generated_at
How do I file for bankruptcy in Illinois?,False,2025-01-21 09:52:32.250393
Can I legally break my apartment lease in Chicago?,False,2025-01-21 09:52:32.250393
What are the child custody laws in Illinois?,False,2025-01-21 09:52:32.250393
"I've been injured at work, what are my rights?",False,2025-01-21 09:52:32.250393
How to evict a tenant in Illinois?,False,2025-01-21 09:52:32.250393
What's the process for legally changing your name in Illinois?,False,2025-01-21 09:52:32.250393
How can I contest a will in Illinois?,False,2025-01-21 09:52:32.250393
Can my landlord enter my apartment without permission?,False,2025-01-21 09:52:32.250393
Where can I find the best deep dish pizza in Illinois?,False,2025-01-21 09:52:32.250393
Is it legal to record a conversation in Illinois without the other person's knowledge?,False,2025-01-21 09:52:32.250393
"What's the weather forecast for Springfield, Illinois?",False,2025-01-21 09:52:32.250393
Can I sue my employer for wrongful termination?,False,2025-01-21 09:52:32.250393
What are the best hiking trails in Illinois?,False,2025-01-21 09:52:32.250393
How do I set up a small business in Illinois?,False,2025-01-21 09:52:32.250393
"My neighbor is being noisy every night, what can I do?",False,2025-01-21 09:52:32.250393
When does the Blackhawks season start?,False,2025-01-21 09:52:32.250393
How can I fight a speeding ticket in Illinois?,False,2025-01-21 09:52:32.250393
What's the best farmers market in Chicago?,False,2025-01-21 09:52:32.250393
What are my rights if I'm pulled over by the police in Illinois?,False,2025-01-21 09:52:32.250393
"Where's the closest gym in Peoria, Illinois?",False,2025-01-21 09:52:32.250393
How can I get a restraining order in Illinois?,False,2025-01-21 09:52:32.250393
What's the process to adopt a child in Illinois?,False,2025-01-21 09:52:32.250393
Where can I watch the latest movies in Chicago?,False,2025-01-21 09:52:32.250393
"I've been charged with DUI, what should I do?",False,2025-01-21 09:52:32.250393
Where can I learn to play golf in Illinois?,False,2025-01-21 09:52:32.250393
Can I sue a restaurant for food poisoning in Illinois?,False,2025-01-21 09:52:32.250393
What's the best spot for bird watching in Illinois?,False,2025-01-21 09:52:32.250393
How do I apply for a firearms license in Illinois?,False,2025-01-21 09:52:32.250393
What's the legal drinking age in Illinois?,False,2025-01-21 09:52:32.250393
What teams play in the Illinois Basketball Association?,False,2025-01-21 09:52:32.250393
What are the laws for using a drone in Illinois?,False,2025-01-21 09:52:32.250393
Can I legally refuse a search of my car during a traffic stop?,False,2025-01-21 09:52:32.250393
Where's the best place to watch the sunset in Chicago?,False,2025-01-21 09:52:32.250393
Do I have to pay child support if I'm unemployed in Illinois?,False,2025-01-21 09:52:32.250393
How do I create a will in Illinois?,False,2025-01-21 09:52:32.250393
"Where can I find the best barbecue in Springfield, Illinois?",False,2025-01-21 09:52:32.250393
What are the laws regarding self-defense in Illinois?,False,2025-01-21 09:52:32.250393
Do I need a license to fish in Illinois?,False,2025-01-21 09:52:32.250393
Who won the last season of Dancing With the Stars?,False,2025-01-21 09:52:32.250393
How do I register a vehicle in Illinois?,False,2025-01-21 09:52:32.250393
What's the best sushi restaurant in Illinois?,False,2025-01-21 09:52:32.250393
Can I legally carry a knife in Illinois?,False,2025-01-21 09:52:32.250393
What's the annual rainfall in Chicago?,False,2025-01-21 09:52:32.250393
Can I sue a doctor for malpractice in Illinois?,False,2025-01-21 09:52:32.250393
What are the requirements for homeschooling in Illinois?,False,2025-01-21 09:52:32.250393
What's the best time of year to visit Illinois?,False,2025-01-21 09:52:32.250393
How do I report a crime in Illinois?,False,2025-01-21 09:52:32.250393
"Who are the top real estate agents in Peoria, Illinois?",False,2025-01-21 09:52:32.250393
Can I legally change my gender in Illinois?,False,2025-01-21 09:52:32.250393
What are the best museums to visit in Illinois?,False,2025-01-21 09:52:32.250393
Can you tell me about child custody laws in Illinois?,False,2025-01-21 09:52:32.250393
What's the legal drinking age in Illinois?,False,2025-01-21 09:52:32.250393
"What's the weather like in Springfield, Illinois today?",False,2025-01-21 09:52:32.250393
How do I start a small buisness in Chicago?,False,2025-01-21 09:52:32.250393
What's the procedure to get a restraining order in Illinois?,False,2025-01-21 09:52:32.250393
Who won the last Bears game?,False,2025-01-21 09:52:32.250393
Is it legal to record a conversation without the other person's knowledge in Illinois?,False,2025-01-21 09:52:32.250393
What is eminent domain and how does it work in Illinois?,False,2025-01-21 09:52:32.250393
Can you recommend any good vegan restaurants in Chicago?,False,2025-01-21 09:52:32.250393
How do I make a will in Illinois?,False,2025-01-21 09:52:32.250393
Where can I take salsa dancing classes in Chicago?,False,2025-01-21 09:52:32.250393
"My landlord won't return my security deposit, what can I do?",False,2025-01-21 09:52:32.250393
What's the best time of year to visit Starved Rock State Park?,False,2025-01-21 09:52:32.250393
Can I sue my employer for wrongful termination?,False,2025-01-21 09:52:32.250393
What are some popular tourist destinations in Illinois?,False,2025-01-21 09:52:32.250393
What steps do I need to take to legally change my name in Illinois?,False,2025-01-21 09:52:32.250393
"How does bankruptcy work, and what are the implications?",False,2025-01-21 09:52:32.250393
Where can I watch the latest Marvel movie in Chicago?,False,2025-01-21 09:52:32.250393
How do I get to Navy Pier from the Magnificent Mile?,False,2025-01-21 09:52:32.250393
What are the rights of a renter in Illinois?,False,2025-01-21 09:52:32.250393
Is there a good place for hiking near Peoria?,False,2025-01-21 09:52:32.250393
Can I open carry a firearm in Illinois?,False,2025-01-21 09:52:32.250393
How do I get a patent for my invention in Illinois?,False,2025-01-21 09:52:32.250393
What's the score of the Blackhawks game?,False,2025-01-21 09:52:32.250393
Is it legal to own exotic animals as pets in Illinois?,False,2025-01-21 09:52:32.250393
Who are some famous musicians from Illinois?,False,2025-01-21 09:52:32.250393
How do I file for bankruptcy in Illinois?,False,2025-01-21 09:52:32.250393
I got a traffic ticket. How can I fight it in court?,False,2025-01-21 09:52:32.250393
Where can I get the best deep-dish pizza in Chicago?,False,2025-01-21 09:52:32.250393
What are the legal requirements for homeschooling in Illinois?,False,2025-01-21 09:52:32.250393
What should I know about Illinois marriage laws?,False,2025-01-21 09:52:32.250393
Where can I watch the Chicago Air and Water Show?,False,2025-01-21 09:52:32.250393
What are some good places to go fishing in Illinois?,False,2025-01-21 09:52:32.250393
My employer hasn't paid me. What are my options?,False,2025-01-21 09:52:32.250393
How do I make a power of attorney agreement in Illinois?,False,2025-01-21 09:52:32.250393
How's the nightlife in Downtown Chicago?,False,2025-01-21 09:52:32.250393
How does the Illinois Lemon Law work?,False,2025-01-21 09:52:32.250393
Where can I find a good yoga studio in Springfield?,False,2025-01-21 09:52:32.250393
What's the legal age to get a tattoo in Illinois?,False,2025-01-21 09:52:32.250393
What's the best museum to visit in Chicago?,False,2025-01-21 09:52:32.250393
What are the laws regarding marijuana usage in Illinois?,False,2025-01-21 09:52:32.250393
Can my landlord raise my rent anytime they want?,False,2025-01-21 09:52:32.250393
Where's the best place to watch the sunrise in Illinois?,False,2025-01-21 09:52:32.250393
How can I legally start a non-profit organization in Illinois?,False,2025-01-21 09:52:32.250393
Can you recommend a good jazz bar in Chicago?,False,2025-01-21 09:52:32.250393
What are my rights if I get arrested in Illinois?,False,2025-01-21 09:52:32.250393
Can I sue a restaurant if I found something in my food?,False,2025-01-21 09:52:32.250393
How can I get to Lincoln Park Zoo by public transportation?,False,2025-01-21 09:52:32.250393
What happens if I get caught driving without insurance in Illinois?,False,2025-01-21 09:52:32.250393
What's the best time to visit the Art Institute of Chicago?,False,2025-01-21 09:52:32.250393
What are the steps for adopting a child in Illinois?,True,2025-01-21 09:52:32.250393
Where can I find the best deep dish pizza in Chicago?,False,2025-01-21 09:52:32.250393
"I slipped on an icy sidewalk, can I sue the property owner?",True,2025-01-21 09:52:32.250393
"How's the weather in Springfield, Illinois today?",False,2025-01-21 09:52:32.250393
Can a landlord evict me without notice in Illinois?,True,2025-01-21 09:52:32.250393
What are some good book clubs in Chicago?,False,2025-01-21 09:52:32.250393
Is it legal to record a conversation without the other person's knowledge in Illinois?,True,2025-01-21 09:52:32.250393
What're my rights if I get stopped by the police?,True,2025-01-21 09:52:32.250393
What recreational activities are there in Peoria?,False,2025-01-21 09:52:32.250393
How can I start a small business in Illinois?,True,2025-01-21 09:52:32.250393
Where can I buy fresh farm eggs in Naperville?,False,2025-01-21 09:52:32.250393
Can I be fired for being late in Illinois?,True,2025-01-21 09:52:32.250393
What's a good gym in Chicago's West Side?,False,2025-01-21 09:52:32.250393
What are the penalties for DUI in Illinois?,True,2025-01-21 09:52:32.250393
What's the minimum wage in Illinois?,True,2025-01-21 09:52:32.250393
What are some popular festivals in Illinois?,False,2025-01-21 09:52:32.250393
How can I change my name legally in Illinois?,True,2025-01-21 09:52:32.250393
Can you recommend a good park for bird watching in Illinois?,False,2025-01-21 09:52:32.250393
What are my rights as a tenant in Illinois?,True,2025-01-21 09:52:32.250393
Where can I get a good steak in Springfield?,False,2025-01-21 09:52:32.250393
"If someone hits my car and leaves, what should I do?",True,2025-01-21 09:52:32.250393
Where's the nearest pet store in Peoria?,False,2025-01-21 09:52:32.250393
How can I ensure my will is legally binding in Illinois?,True,2025-01-21 09:52:32.250393
What are the best hiking trails in Illinois?,False,2025-01-21 09:52:32.250393
What is the process for getting a restraining order in Illinois?,True,2025-01-21 09:52:32.250393
When does the fishing season start in Illinois?,False,2025-01-21 09:52:32.250393
How can I apply for unemployment benefits in Illinois?,True,2025-01-21 09:52:32.250393
Where can I buy a Chicago Bears jersey?,False,2025-01-21 09:52:32.250393
What rights do I have if my employer doesn't pay me on time?,True,2025-01-21 09:52:32.250393
What's a good place to watch the sunrise in Illinois?,False,2025-01-21 09:52:32.250393
What should I do if I've been a victim of identity theft?,True,2025-01-21 09:52:32.250393
Where can I find the best BBQ in Illinois?,False,2025-01-21 09:52:32.250393
Can my landlord increase my rent without notice in Illinois?,True,2025-01-21 09:52:32.250393
What's the best time to visit Starved Rock State Park?,False,2025-01-21 09:52:32.250393
What's the legal age to buy alcohol in Illinois?,True,2025-01-21 09:52:32.250393
Can you recommend a good dog trainer in Chicago?,False,2025-01-21 09:52:32.250393
"If I get injured at work, what are my rights?",True,2025-01-21 09:52:32.250393
What are some good vegetarian restaurants in Illinois?,False,2025-01-21 09:52:32.250393
Can I sue my neighbor for noise disturbance?,True,2025-01-21 09:52:32.250393
Where can I learn to dance salsa in Illinois?,False,2025-01-21 09:52:32.250393
How do I get a marriage license in Illinois?,True,2025-01-21 09:52:32.250393
Who won the last season of Illinois High School Basketball Championship?,False,2025-01-21 09:52:32.250393
Can I legally own a gun in Illinois?,True,2025-01-21 09:52:32.250393
What are the best breweries in Chicago?,False,2025-01-21 09:52:32.250393
What are my rights if I'm arrested in Illinois?,True,2025-01-21 09:52:32.250393
Where can I see a live jazz performance in Illinois?,False,2025-01-21 09:52:32.250393
Is marijuana legal in Illinois?,True,2025-01-21 09:52:32.250393
Where's the best place to watch the sunset in Chicago?,False,2025-01-21 09:52:32.250393
How do I claim child support in Illinois?,True,2025-01-21 09:52:32.250393
What are some good spots for photography in Illinois?,False,2025-01-21 09:52:32.250393
How do I set up a small business in Illinois?,False,2025-01-21 09:52:32.250393
Where can I find the best deep dish pizza in Illinois?,False,2025-01-21 09:52:32.250393
What are the legal steps to take if I've been a victim of identity theft in Illinois?,False,2025-01-21 09:52:32.250393
How do I get to the Shedd Aquarium from the Loop?,False,2025-01-21 09:52:32.250393
How do I deal with a hostile work environment?,False,2025-01-21 09:52:32.250393
When is the best time of year to visit Starved Rock?,False,2025-01-21 09:52:32.250393
What are my tenant rights if my landlord isn't fixing the heating in my apartment?,False,2025-01-21 09:52:32.250393
How can I grow roses in the Illinois climate?,False,2025-01-21 09:52:32.250393
Can my landlord raise my rent without prior notice?,False,2025-01-21 09:52:32.250393
Is there a good yoga studio in downtown Chicago?,False,2025-01-21 09:52:32.250393
Is it legal to record a phone call in Illinois without the other person knowing?,False,2025-01-21 09:52:32.250393
What's the weather going to be like in Springfield this weekend?,False,2025-01-21 09:52:32.250393
What are the rules around carrying a concealed weapon in Illinois?,False,2025-01-21 09:52:32.250393
Where can I buy the best Italian beef in Chicago?,False,2025-01-21 09:52:32.250393
How do I sue for medical malpractice in Illinois?,False,2025-01-21 09:52:32.250393
What are some good hiking trails near Rockford?,False,2025-01-21 09:52:32.250393
Can I terminate my car lease early without penalty?,False,2025-01-21 09:52:32.250393
What is the Illinois state bird?,False,2025-01-21 09:52:32.250393
What are my rights if I'm stopped by the police?,False,2025-01-21 09:52:32.250393
Can you recommend a good Thai restaurant in Illinois?,False,2025-01-21 09:52:32.250393
How do I change my child's last name in Illinois?,False,2025-01-21 09:52:32.250393
Who won the last Chicago Bears game?,False,2025-01-21 09:52:32.250393
Can a former employer give me a bad reference?,False,2025-01-21 09:52:32.250393
Where can I rent a boat in Illinois?,False,2025-01-21 09:52:32.250393
What are the child custody laws for divorced parents in Illinois?,False,2025-01-21 09:52:32.250393
Where's the nearest DMV office in downtown Chicago?,False,2025-01-21 09:52:32.250393
How do I copyright my book in Illinois?,False,2025-01-21 09:52:32.250393
What's the recipe for Chicago style hot dogs?,False,2025-01-21 09:52:32.250393
What are the steps to take if I've been unfairly dismissed from my job?,False,2025-01-21 09:52:32.250393
What's the best neighborhood to live in Chicago?,False,2025-01-21 09:52:32.250393
Can I break my lease if my apartment has mold?,False,2025-01-21 09:52:32.250393
What concerts are happening in Illinois this summer?,False,2025-01-21 09:52:32.250393
What's the legal drinking age in Illinois?,False,2025-01-21 09:52:32.250393
How do I brew my own beer at home?,False,2025-01-21 09:52:32.250393
How do I fight a parking ticket in Illinois?,False,2025-01-21 09:52:32.250393
Is there a farmer's market in Peoria?,False,2025-01-21 09:52:32.250393
How do I file for bankruptcy in Illinois?,False,2025-01-21 09:52:32.250393
What's the best time to see the Chicago River dyed green?,False,2025-01-21 09:52:32.250393
Can a landlord evict me without a court order in Illinois?,False,2025-01-21 09:52:32.250393
How can I make Chicago deep dish pizza at home?,False,2025-01-21 09:52:32.250393
What are my legal rights if I'm injured at work?,False,2025-01-21 09:52:32.250393
What festivals are happening in Chicago this summer?,False,2025-01-21 09:52:32.250393
How do I legally change my name in Illinois?,False,2025-01-21 09:52:32.250393
Where can I get Chicago-style popcorn?,False,2025-01-21 09:52:32.250393
How do I get a restraining order in Illinois?,False,2025-01-21 09:52:32.250393
What's the best gym in Illinois?,False,2025-01-21 09:52:32.250393
What to do if my employer isn't paying me on time?,False,2025-01-21 09:52:32.250393
Who's playing at the United Center tonight?,False,2025-01-21 09:52:32.250393
How do I write a legally binding will in Illinois?,False,2025-01-21 09:52:32.250393
Where's the best place to watch the sunset in Chicago?,False,2025-01-21 09:52:32.250393
What are the child custody laws in Illinois?,False,2025-01-21 09:52:32.250393
How to sue for medical malpractice in Illinois?,False,2025-01-21 09:52:32.250393
Can I refuse a blood test if pulled over for DUI in Illinois?,False,2025-01-21 09:52:32.250393
What are my rights as a tenant in Chicago?,False,2025-01-21 09:52:32.250393
Do I need a permit to own a gun in Illinois?,False,2025-01-21 09:52:32.250393
How do I file a restraining order in Cook County?,False,2025-01-21 09:52:32.250393
What are the penalties for tax evasion in Illinois?,False,2025-01-21 09:52:32.250393
What qualifies as wrongful termination in Illinois?,False,2025-01-21 09:52:32.250393
How do you set up a will in Illinois?,False,2025-01-21 09:52:32.250393
Can my employer fire me for filing a workers comp claim in Illinois?,False,2025-01-21 09:52:32.250393
What happens if I get caught drinking underage in Illinois?,False,2025-01-21 09:52:32.250393
Can I be arrested for not paying child support in Illinois?,False,2025-01-21 09:52:32.250393
Are non-compete agreements enforceable in Illinois?,False,2025-01-21 09:52:32.250393
"Where can I find the best deep dish pizza in Springfield, Illinois?",False,2025-01-21 09:52:32.250393
What's the weather like in Chicago in October?,False,2025-01-21 09:52:32.250393
When does the Art Institute of Chicago open on weekends?,False,2025-01-21 09:52:32.250393
What's the best hiking trail in Starved Rock State Park?,False,2025-01-21 09:52:32.250393
How much alimony can I expect to pay after a divorce in Illinois?,False,2025-01-21 09:52:32.250393
What are the legal consequences of identity theft in Illinois?,False,2025-01-21 09:52:32.250393
How do I start a business in Illinois?,False,2025-01-21 09:52:32.250393
What are the top-rated schools in the Chicago area?,False,2025-01-21 09:52:32.250393
Where can I watch the best fireworks on 4th of July in Illinois?,False,2025-01-21 09:52:32.250393
How can I buy tickets for a Bears game?,False,2025-01-21 09:52:32.250393
Can my landlord evict me without notice in Illinois?,False,2025-01-21 09:52:32.250393
What are the laws regarding service animals in Illinois?,False,2025-01-21 09:52:32.250393
Can I legally record a conversation without consent in Illinois?,False,2025-01-21 09:52:32.250393
What are the best fishing spots in Illinois?,False,2025-01-21 09:52:32.250393
Where can I learn pottery in Chicago?,False,2025-01-21 09:52:32.250393
How do I change my name legally in Illinois?,False,2025-01-21 09:52:32.250393
Can the police search my car without a warrant in Illinois?,False,2025-01-21 09:52:32.250393
What are the best off-leash dog parks in Chicago?,False,2025-01-21 09:52:32.250393
When is strawberry season in Illinois?,False,2025-01-21 09:52:32.250393
Do I need a permit to remodel my home in Chicago?,False,2025-01-21 09:52:32.250393
What are the legal hours to sell alcohol in Illinois?,False,2025-01-21 09:52:32.250393
Can I sue my landlord for not fixing a leaky roof in Illinois?,False,2025-01-21 09:52:32.250393
Where can I find the best steakhouse in Chicago?,False,2025-01-21 09:52:32.250393
What's the best time to visit the Willis Tower?,False,2025-01-21 09:52:32.250393
"Where can I find a good yoga studio in Springfield, Illinois?",False,2025-01-21 09:52:32.250393
What are the laws regarding homeschooling in Illinois?,False,2025-01-21 09:52:32.250393
How do I start a nonprofit in Illinois?,False,2025-01-21 09:52:32.250393
Which museum in Illinois has the largest dinosaur exhibit?,False,2025-01-21 09:52:32.250393
How can I get to Navy Pier by train?,False,2025-01-21 09:52:32.250393
Can I make a citizen's arrest in Illinois?,False,2025-01-21 09:52:32.250393
Is it legal to fly a drone in Chicago?,False,2025-01-21 09:52:32.250393
Who gets the house in a divorce in Illinois?,False,2025-01-21 09:52:32.250393
Where can I find a good vegan restaurant in Chicago?,False,2025-01-21 09:52:32.250393
What's the best way to see the Chicago Riverwalk?,False,2025-01-21 09:52:32.250393
How long does the Taste of Chicago festival last?,False,2025-01-21 09:52:32.250393
What are the laws concerning medical marijuana in Illinois?,False,2025-01-21 09:52:32.250393
Can I deny a landlord entry into my apartment in Illinois?,False,2025-01-21 09:52:32.250393
"I think I was unfairly fired, what are my rights?",False,2025-01-21 09:52:32.250393
Where's a good spot to watch the sunset in Chicago?,False,2025-01-21 09:52:32.250393
What's the legal drinking age in Illinois?,False,2025-01-21 09:52:32.250393
What's the weather forecast for Springfield tomorrow?,False,2025-01-21 09:52:32.250393
How to start a small business legally in Illinois?,False,2025-01-21 09:52:32.250393
Can you recommend a good bookstore in Peoria?,False,2025-01-21 09:52:32.250393
Is it legal to carry a concealed weapon in Illinois?,False,2025-01-21 09:52:32.250393
What's a good recipe for deep dish pizza?,False,2025-01-21 09:52:32.250393
Can my landlord evict me without notice in Illinois?,False,2025-01-21 09:52:32.250393
Where can I catch a good live jazz show in Chicago?,False,2025-01-21 09:52:32.250393
"I want to adopt a child, what's the process in Illinois?",False,2025-01-21 09:52:32.250393
Best hiking trails near Rockford?,False,2025-01-21 09:52:32.250393
What are my tenant rights regarding repairs in Illinois?,False,2025-01-21 09:52:32.250393
When do the Blackhawks usually have their games?,False,2025-01-21 09:52:32.250393
Can you make a will online in Illinois?,False,2025-01-21 09:52:32.250393
What's the best time of year to visit the Lincoln Home National Historic Site?,False,2025-01-21 09:52:32.250393
How do I fight a speeding ticket in Illinois?,False,2025-01-21 09:52:32.250393
How can I learn to make authentic Chicago-style hot dogs?,False,2025-01-21 09:52:32.250393
What's the legal limit for Blood Alcohol Concentration while driving in Illinois?,False,2025-01-21 09:52:32.250393
Where can I find a good yoga class in Naperville?,False,2025-01-21 09:52:32.250393
Can I sue my employer for workplace discrimination?,False,2025-01-21 09:52:32.250393
What's the best way to get to the Art Institute of Chicago?,False,2025-01-21 09:52:32.250393
What's the difference between a misdemeanor and a felony in Illinois?,False,2025-01-21 09:52:32.250393
Best family-friendly activities in Aurora?,False,2025-01-21 09:52:32.250393
Do I need a permit to protest in Chicago?,False,2025-01-21 09:52:32.250393
When are strawberries in season in Illinois?,False,2025-01-21 09:52:32.250393
"I got in a car accident, what do I do now?",False,2025-01-21 09:52:32.250393
How to grow tomatoes in Illinois climate?,False,2025-01-21 09:52:32.250393
What to do if someone stole my identity?,False,2025-01-21 09:52:32.250393
What's the best time to see the fall colors in Illinois?,False,2025-01-21 09:52:32.250393
What is a restraining order and how do I get one in Illinois?,False,2025-01-21 09:52:32.250393
Can you recommend a good craft beer brewery in Illinois?,False,2025-01-21 09:52:32.250393
How to file for bankruptcy in Illinois?,False,2025-01-21 09:52:32.250393
Where can I find a good farmers market in Chicago?,False,2025-01-21 09:52:32.250393
What does it mean when a court case is dismissed without prejudice?,False,2025-01-21 09:52:32.250393
Best fishing spots in Illinois?,False,2025-01-21 09:52:32.250393
Can I change my name legally in Illinois and how?,False,2025-01-21 09:52:32.250393
When do the lilacs bloom in Lombard?,False,2025-01-21 09:52:32.250393
"My ex won't let me see my kids, what can I do?",False,2025-01-21 09:52:32.250393
Can you recommend a good bed and breakfast in Galena?,False,2025-01-21 09:52:32.250393
What are the penalties for DUI in Illinois?,False,2025-01-21 09:52:32.250393
What's the best way to plant corn in Illinois?,False,2025-01-21 09:52:32.250393
How to apply for disability benefits in Illinois?,False,2025-01-21 09:52:32.250393
Where can I find a good jazz club in Chicago?,False,2025-01-21 09:52:32.250393
"I've been served with a subpoena, what does that mean?",False,2025-01-21 09:52:32.250393
Best spots for bird watching in Illinois?,False,2025-01-21 09:52:32.250393
What are the requirements to become a notary in Illinois?,False,2025-01-21 09:52:32.250393
How to make a Chicago-style Italian beef sandwich?,False,2025-01-21 09:52:32.250393
Is marijuana legal in Illinois and what are the restrictions?,False,2025-01-21 09:52:32.250393
Can you recommend a good vintage clothing store in Chicago?,False,2025-01-21 09:52:32.250393
How can I establish a small business in Illinois?,False,2025-01-21 09:52:32.250393
Where can I find the best deep-dish pizza in Chicago?,False,2025-01-21 09:52:32.250393
What are my rights if I get pulled over by the police?,False,2025-01-21 09:52:32.250393
"My contractor didn't finish the job, can I sue?",False,2025-01-21 09:52:32.250393
Who won the Bears game last night?,False,2025-01-21 09:52:32.250393
Do I need a permit to protest in Springfield?,False,2025-01-21 09:52:32.250393
What's the weather like in Peoria this weekend?,False,2025-01-21 09:52:32.250393
How can I fight a traffic ticket in Cook County?,False,2025-01-21 09:52:32.250393
Who are the Bulls playing against next week?,False,2025-01-21 09:52:32.250393
"My landlord won't return my security deposit, what are my rights?",False,2025-01-21 09:52:32.250393
Where's a good place to go hiking near Naperville?,False,2025-01-21 09:52:32.250393
How do I get a restraining order in Illinois?,False,2025-01-21 09:52:32.250393
Which is the best gym in downtown Chicago?,False,2025-01-21 09:52:32.250393
What are the state laws on carrying a concealed weapon?,False,2025-01-21 09:52:32.250393
What's the fastest way to get to O'Hare Airport from downtown?,False,2025-01-21 09:52:32.250393
Can I get sued for leaving a negative review online?,False,2025-01-21 09:52:32.250393
Can you recommend a good coffee shop in Champaign?,False,2025-01-21 09:52:32.250393
What are the legal implications of adopting a child from another state?,False,2025-01-21 09:52:32.250393
What's the tallest building in Chicago?,False,2025-01-21 09:52:32.250393
What is the process for getting a patent in Illinois?,False,2025-01-21 09:52:32.250393
What's a good book club to join in Rockford?,False,2025-01-21 09:52:32.250393
"I was injured at work, what are my legal options?",False,2025-01-21 09:52:32.250393
Where can I watch the fireworks on 4th of July in Chicago?,False,2025-01-21 09:52:32.250393
How do I establish child custody in a divorce?,False,2025-01-21 09:52:32.250393
What are some good fishing spots around Lake Michigan?,False,2025-01-21 09:52:32.250393
How can I appeal a parking ticket in Chicago?,False,2025-01-21 09:52:32.250393
What are the popular summer events in Springfield?,False,2025-01-21 09:52:32.250393
Can my employer fire me for no reason in Illinois?,False,2025-01-21 09:52:32.250393
Who's the head coach for the Blackhawks?,False,2025-01-21 09:52:32.250393
What are the legal ramifications of downloading music illegally?,False,2025-01-21 09:52:32.250393
Can you suggest vegetarian restaurants in Evanston?,False,2025-01-21 09:52:32.250393
How can I file for bankruptcy in Illinois?,False,2025-01-21 09:52:32.250393
Where can I go for a romantic getaway in Illinois?,False,2025-01-21 09:52:32.250393
What are the gun laws in Illinois?,False,2025-01-21 09:52:32.250393
What is there to do in Navy Pier?,False,2025-01-21 09:52:32.250393
How can I legally change my name in Illinois?,False,2025-01-21 09:52:32.250393
What's the best time to visit the Lincoln Park Zoo?,False,2025-01-21 09:52:32.250393
What are my rights as a tenant in Illinois?,False,2025-01-21 09:52:32.250393
Who are some famous bands from Chicago?,False,2025-01-21 09:52:32.250393
What's the legal age to consume alcohol in Illinois?,False,2025-01-21 09:52:32.250393
Where can I take salsa dancing classes in Aurora?,False,2025-01-21 09:52:32.250393
How do I start a non-profit organization in Illinois?,False,2025-01-21 09:52:32.250393
What's the best time to see the Chicago River dyed green for St. Patrick's Day?,False,2025-01-21 09:52:32.250393
What are the laws around using a drone in Illinois?,False,2025-01-21 09:52:32.250393
Can you recommend a good tattoo parlor in Joliet?,False,2025-01-21 09:52:32.250393
Can I be arrested for not paying my student loans in Illinois?,False,2025-01-21 09:52:32.250393
What's the best way to commute from Wrigleyville to Loop?,False,2025-01-21 09:52:32.250393
What is the process of incorporating a business in Illinois?,False,2025-01-21 09:52:32.250393
What are the best museums to visit in Chicago?,False,2025-01-21 09:52:32.250393
How can I update my will in Illinois?,False,2025-01-21 09:52:32.250393
What's the process of filing for bankruptcy in Illinois?,True,2025-01-21 09:52:32.250393
How can I fight a traffic ticket in Springfield?,True,2025-01-21 09:52:32.250393
"I got fired for no reason, can I sue my employer?",True,2025-01-21 09:52:32.250393
Can I legally refuse a breathalyzer test in Illinois?,True,2025-01-21 09:52:32.250393
Is it legal to record police in Chicago?,True,2025-01-21 09:52:32.250393
What's the weather like in Peoria in May?,False,2025-01-21 09:52:32.250393
"The city towed my car, what are my rights?",True,2025-01-21 09:52:32.250393
How do I write a will and testament in Illinois?,True,2025-01-21 09:52:32.250393
Who won the Bears game yesterday?,False,2025-01-21 09:52:32.250393
Where can I find the best deep dish pizza in Chicago?,False,2025-01-21 09:52:32.250393
"My landlord won't fix the heating, what can I do?",True,2025-01-21 09:52:32.250393
How's the fishing in Lake Michigan?,False,2025-01-21 09:52:32.250393
Can I adopt my stepchild in Illinois?,True,2025-01-21 09:52:32.250393
Can you recommend a good hiking spot in Illinois?,False,2025-01-21 09:52:32.250393
Is it legal to carry a concealed weapon in Illinois?,True,2025-01-21 09:52:32.250393
What are the state's laws about medical marijuana?,True,2025-01-21 09:52:32.250393
How do I start a small business in Illinois?,True,2025-01-21 09:52:32.250393
"I've been a victim of identity theft, what should I do?",True,2025-01-21 09:52:32.250393
What time does the Art Institute of Chicago close?,False,2025-01-21 09:52:32.250393
Can a landlord evict me without notice in Illinois?,True,2025-01-21 09:52:32.250393
Who's the top scorer for the Bulls this season?,False,2025-01-21 09:52:32.250393
What's the age of consent in Illinois?,True,2025-01-21 09:52:32.250393
Where can I find the best hot dogs in Chicago?,False,2025-01-21 09:52:32.250393
How do I change my name legally in Illinois?,True,2025-01-21 09:52:32.250393
What are my legal obligations as a pet owner in Illinois?,True,2025-01-21 09:52:32.250393
Can I get my criminal record expunged in Illinois?,True,2025-01-21 09:52:32.250393
What are the best neighborhoods to live in Chicago?,False,2025-01-21 09:52:32.250393
What are the child custody laws in Illinois?,True,2025-01-21 09:52:32.250393
Are there any gluten-free bakeries in Springfield?,False,2025-01-21 09:52:32.250393
What are the top attractions in Naperville?,False,2025-01-21 09:52:32.250393
How do I make a personal injury claim in Illinois?,True,2025-01-21 09:52:32.250393
How do I contest a will in Illinois?,True,2025-01-21 09:52:32.250393
Where can I take yoga classes in Peoria?,False,2025-01-21 09:52:32.250393
How does child support work in Illinois?,True,2025-01-21 09:52:32.250393
What should I do if I'm wrongfully accused of shoplifting?,True,2025-01-21 09:52:32.250393
What's the best time to visit the Lincoln Park Zoo?,False,2025-01-21 09:52:32.250393
How do I file a restraining order in Illinois?,True,2025-01-21 09:52:32.250393
What are the laws about drones in Illinois?,True,2025-01-21 09:52:32.250393
Can you recommend a family-friendly campground in Illinois?,False,2025-01-21 09:52:32.250393
Can I sue my doctor for malpractice in Illinois?,True,2025-01-21 09:52:32.250393
When is the Taste of Chicago festival?,False,2025-01-21 09:52:32.250393
What's the minimum wage in Illinois?,True,2025-01-21 09:52:32.250393
What should I do if my employer isn't paying me overtime?,True,2025-01-21 09:52:32.250393
Who's playing at the United Center next month?,False,2025-01-21 09:52:32.250393
What are the tenant's rights in Illinois?,True,2025-01-21 09:52:32.250393
What's the best way to travel from Chicago to Springfield?,False,2025-01-21 09:52:32.250393
How do I apply for a gun license in Illinois?,True,2025-01-21 09:52:32.250393
Is it legal to drive barefoot in Illinois?,True,2025-01-21 09:52:32.250393
What are the best thrift stores in Chicago?,False,2025-01-21 09:52:32.250393
How do I report a scam in Illinois?,True,2025-01-21 09:52:32.250393
How do I file for divorce in Illinois?,False,2025-01-21 09:52:32.250393
"My neighbor's tree branches are hanging over my fence, what can I do?",False,2025-01-21 09:52:32.250393
Can my boss make me work overtime without extra pay?,False,2025-01-21 09:52:32.250393
What's the best pizza place in Chicago?,False,2025-01-21 09:52:32.250393
When does the Cubs season start?,False,2025-01-21 09:52:32.250393
What's the weather going to be like in Springfield tomorrow?,False,2025-01-21 09:52:32.250393
What are the laws around homeschooling in Illinois?,False,2025-01-21 09:52:32.250393
What are some good hiking trails near Peoria?,False,2025-01-21 09:52:32.250393
Do I need a permit to remodel my kitchen in Rockford?,False,2025-01-21 09:52:32.250393
How can I get my security deposit back from my landlord?,False,2025-01-21 09:52:32.250393
Where can I find the best deep-dish pizza in Chicago?,False,2025-01-21 09:52:32.250393
What are my rights if I'm stopped by the police?,False,2025-01-21 09:52:32.250393
What's the record high temperature for Illinois in July?,False,2025-01-21 09:52:32.250393
Can I sue for malpractice if my surgery goes wrong?,False,2025-01-21 09:52:32.250393
Where's the best place to watch fireworks on Fourth of July?,False,2025-01-21 09:52:32.250393
How do I start a small business in Illinois?,False,2025-01-21 09:52:32.250393
Where can I learn to salsa dance in Evanston?,False,2025-01-21 09:52:32.250393
What's the legal drinking age in Illinois?,False,2025-01-21 09:52:32.250393
"My landlord hasn't fixed my heating, can I withhold rent?",False,2025-01-21 09:52:32.250393
Who won the last season of The Voice?,False,2025-01-21 09:52:32.250393
What are the regulations for starting a food truck in Chicago?,False,2025-01-21 09:52:32.250393
What's a good dog park in Naperville?,False,2025-01-21 09:52:32.250393
Can I fire an employee for constantly being late?,False,2025-01-21 09:52:32.250393
How do I pay property taxes in Illinois?,False,2025-01-21 09:52:32.250393
How to make Chicago style hot dog at home?,False,2025-01-21 09:52:32.250393
Who's playing at Lollapalooza this year?,False,2025-01-21 09:52:32.250393
What's the process for adopting a child in Illinois?,False,2025-01-21 09:52:32.250393
"My employer hasn't paid me for a month, what can I do?",False,2025-01-21 09:52:32.250393
What are some must-see attractions in Chicago?,False,2025-01-21 09:52:32.250393
What are the laws regarding noise pollution in residential areas?,False,2025-01-21 09:52:32.250393
How do I apply for bankruptcy protection in Illinois?,False,2025-01-21 09:52:32.250393
Where can I get the best sushi in Peoria?,False,2025-01-21 09:52:32.250393
What are my rights as a part-time worker in Illinois?,False,2025-01-21 09:52:32.250393
What's the best way to get to O'Hare Airport from downtown?,False,2025-01-21 09:52:32.250393
What should I do if I've been a victim of identity theft?,False,2025-01-21 09:52:32.250393
Who are the top-rated dentists in Aurora?,False,2025-01-21 09:52:32.250393
What are the legal requirements to get married in Illinois?,False,2025-01-21 09:52:32.250393
What kind of birds can I spot in Starved Rock State Park?,False,2025-01-21 09:52:32.250393
How do I make a will in Illinois?,False,2025-01-21 09:52:32.250393
When is the next Bears game?,False,2025-01-21 09:52:32.250393
What's the process for changing my name in Illinois?,False,2025-01-21 09:52:32.250393
Who's the best tattoo artist in Chicago?,False,2025-01-21 09:52:32.250393
Can I refuse a breathalyzer test in Illinois?,False,2025-01-21 09:52:32.250393
What steps should I take if I'm being harassed at work?,False,2025-01-21 09:52:32.250393
What are the best vegan restaurants in Springfield?,False,2025-01-21 09:52:32.250393
How do I contest a parking ticket in Chicago?,False,2025-01-21 09:52:32.250393
What are some good day trips from Chicago?,False,2025-01-21 09:52:32.250393
Do I need a lawyer for a DUI in Illinois?,False,2025-01-21 09:52:32.250393
What are the laws regarding recreational marijuana use in Illinois?,False,2025-01-21 09:52:32.250393
Who's the lead singer of the band Fall Out Boy?,False,2025-01-21 09:52:32.250393
What are the renter's rights in Illinois?,True,2025-01-21 09:52:32.250393
Is marijuana legal in Illinois?,True,2025-01-21 09:52:32.250393
Can I sue my landlord for not fixing a broken heater?,True,2025-01-21 09:52:32.250393
How do I apply for a restraining order?,True,2025-01-21 09:52:32.250393
Am I allowed to defend myself if an intruder enters my home?,True,2025-01-21 09:52:32.250393
How does child custody work in Illinois?,True,2025-01-21 09:52:32.250393
What's the legal age of consent in Illinois?,True,2025-01-21 09:52:32.250393
Can I get fired for being late too often?,True,2025-01-21 09:52:32.250393
Is it legal to record a conversation without the other person knowing?,True,2025-01-21 09:52:32.250393
How do I start a small business in Illinois?,True,2025-01-21 09:52:32.250393
What should I do if my boss is sexually harassing me?,True,2025-01-21 09:52:32.250393
Where can I get legal advice about a car accident I was in?,True,2025-01-21 09:52:32.250393
What are the rules about drinking in public in Chicago?,True,2025-01-21 09:52:32.250393
"My ex won't let me see my kids, can she do that?",True,2025-01-21 09:52:32.250393
How do I change my legal name in Illinois?,True,2025-01-21 09:52:32.250393
Is it legal to own a gun in Chicago?,True,2025-01-21 09:52:32.250393
How do I report a case of elder abuse?,True,2025-01-21 09:52:32.250393
What are some popular fishing spots in Illinois?,False,2025-01-21 09:52:32.250393
Where can I take cooking classes in Chicago?,False,2025-01-21 09:52:32.250393
How's the weather going to be like in Springfield next week?,False,2025-01-21 09:52:32.250393
What happens if I'm caught driving under the influence in Illinois?,True,2025-01-21 09:52:32.250393
Can you recommend a good Italian restaurant in Naperville?,False,2025-01-21 09:52:32.250393
What's the procedure for adopting a child in Illinois?,True,2025-01-21 09:52:32.250393
"Where's the nearest post office in Peoria, Illinois?",False,2025-01-21 09:52:32.250393
What's the score for the latest Bulls game?,False,2025-01-21 09:52:32.250393
How do I get to Navy Pier from the Loop?,False,2025-01-21 09:52:32.250393
Can I get a ticket for jaywalking in Chicago?,True,2025-01-21 09:52:32.250393
How do I make a will in Illinois?,True,2025-01-21 09:52:32.250393
What do I do if I've been a victim of identity theft?,True,2025-01-21 09:52:32.250393
Is it legal to gamble online in Illinois?,True,2025-01-21 09:52:32.250393
Can I get arrested for not paying my credit card bills?,True,2025-01-21 09:52:32.250393
Who are some famous music bands from Illinois?,False,2025-01-21 09:52:32.250393
What's the best time to visit Starved Rock State Park?,False,2025-01-21 09:52:32.250393
Can my landlord evict me without notice?,True,2025-01-21 09:52:32.250393
What are my rights if I'm stopped by the police in Illinois?,True,2025-01-21 09:52:32.250393
How do I patent an invention in Illinois?,True,2025-01-21 09:52:32.250393
Who won the last season of Chicago's Got Talent?,False,2025-01-21 09:52:32.250393
"What's a good scenic drive near Joliet, Illinois?",False,2025-01-21 09:52:32.250393
Can I break a lease if my apartment has bedbugs?,True,2025-01-21 09:52:32.250393
What should I do if I'm falsely accused of shoplifting?,True,2025-01-21 09:52:32.250393
How can I apply for disability benefits in Illinois?,True,2025-01-21 09:52:32.250393
Is it illegal to text while driving in Illinois?,True,2025-01-21 09:52:32.250393
When does the farmer's market in Decatur operate?,False,2025-01-21 09:52:32.250393
Can you recommend a good gym in Rockford?,False,2025-01-21 09:52:32.250393
How do I report a workplace safety violation in Illinois?,True,2025-01-21 09:52:32.250393
"Who's the mayor of Aurora, Illinois?",False,2025-01-21 09:52:32.250393
What's a good place for a family picnic in Champaign?,False,2025-01-21 09:52:32.250393
"How can I learn to play guitar in Evanston, Illinois?",False,2025-01-21 09:52:32.250393
Can I sue my neighbor for a noisy dog in Illinois?,True,2025-01-21 09:52:32.250393
How do I get a copy of my birth certificate in Illinois?,True,2025-01-21 09:52:32.250393
What are the tenant rights in Illinois?,False,2025-01-21 09:52:32.250393
How can I start a small business in Chicago?,False,2025-01-21 09:52:32.250393
Are there legal remedies for a faulty product purchase in Illinois?,False,2025-01-21 09:52:32.250393
Best hiking trails in Illinois?,False,2025-01-21 09:52:32.250393
How to cook Chicago style deep dish pizza?,False,2025-01-21 09:52:32.250393
Can I sue for wrongful termination in Illinois?,False,2025-01-21 09:52:32.250393
What are the guidelines for child custody in Illinois?,False,2025-01-21 09:52:32.250393
"What's the weather like in Rockford, Illinois?",False,2025-01-21 09:52:32.250393
Does Illinois allow open carry guns?,False,2025-01-21 09:52:32.250393
How does health insurance work in Illinois?,False,2025-01-21 09:52:32.250393
When is the best time to visit Chicago?,False,2025-01-21 09:52:32.250393
When are employee breaks required in Illinois?,False,2025-01-21 09:52:32.250393
Best fishing spots in Illinois?,False,2025-01-21 09:52:32.250393
Are there laws against discrimination in Illinois workplaces?,False,2025-01-21 09:52:32.250393
How to report a scam in Illinois?,False,2025-01-21 09:52:32.250393
Best place to watch the Bears game in Chicago?,False,2025-01-21 09:52:32.250393
Can a landlord enter my apartment without permission in Illinois?,False,2025-01-21 09:52:32.250393
Can I refuse a breathalyzer test in Illinois?,False,2025-01-21 09:52:32.250393
Where can I find authentic Mexican food in Chicago?,False,2025-01-21 09:52:32.250393
How can I legally change my name in Illinois?,False,2025-01-21 09:52:32.250393
What are the alcohol serving laws in Illinois?,False,2025-01-21 09:52:32.250393
Best summer events in Chicago?,False,2025-01-21 09:52:32.250393
How does one establish residency in Illinois?,False,2025-01-21 09:52:32.250393
What's the record size for a largemouth bass caught in Illinois?,False,2025-01-21 09:52:32.250393
What's the statute of limitations for personal injury in Illinois?,False,2025-01-21 09:52:32.250393
How to grow tomatoes in Illinois climate?,False,2025-01-21 09:52:32.250393
Are there any noise ordinance laws in Chicago?,False,2025-01-21 09:52:32.250393
How can I fight a traffic ticket in Illinois?,False,2025-01-21 09:52:32.250393
Who won the Illinois high school football championship last year?,False,2025-01-21 09:52:32.250393
Can an employer dock my pay for mistakes in Illinois?,False,2025-01-21 09:52:32.250393
"How can I find a good yoga studio in Springfield, Illinois?",False,2025-01-21 09:52:32.250393
Is recreational marijuana legal in Illinois?,False,2025-01-21 09:52:32.250393
How to file a restraining order in Chicago?,False,2025-01-21 09:52:32.250393
Where can I find the best hot dog in Chicago?,False,2025-01-21 09:52:32.250393
How long does the eviction process take in Illinois?,False,2025-01-21 09:52:32.250393
What are my rights if I get pulled over by the police in Illinois?,False,2025-01-21 09:52:32.250393
How to prepare for Illinois winters?,False,2025-01-21 09:52:32.250393
How to contest a will in Illinois?,False,2025-01-21 09:52:32.250393
What are the laws surrounding homeschooling in Illinois?,False,2025-01-21 09:52:32.250393
Can you recommend a good biking route in Illinois?,False,2025-01-21 09:52:32.250393
What is the legal age to purchase tobacco products in Illinois?,False,2025-01-21 09:52:32.250393
Where is the best farmers market in Chicago?,False,2025-01-21 09:52:32.250393
Are dash cams legal in Illinois?,False,2025-01-21 09:52:32.250393
What is the process for reporting child abuse in Illinois?,False,2025-01-21 09:52:32.250393
Can you recommend a good jazz bar in Chicago?,False,2025-01-21 09:52:32.250393
What are the lemon laws in Illinois for used cars?,False,2025-01-21 09:52:32.250393
When is the next Chicago marathon?,False,2025-01-21 09:52:32.250393
How can I get a copy of my Illinois birth certificate?,False,2025-01-21 09:52:32.250393
What are the laws on late rent payments in Illinois?,False,2025-01-21 09:52:32.250393
What is the state bird of Illinois?,False,2025-01-21 09:52:32.250393
Can I represent myself in a small claims court in Illinois?,True,2025-01-21 09:52:32.250393
What are some popular hiking trails near Springfield?,False,2025-01-21 09:52:32.250393
How long does it take to clear a DUI record in Illinois?,True,2025-01-21 09:52:32.250393
Where can I learn pottery in Chicago?,False,2025-01-21 09:52:32.250393
What are my rights as a renter in Illinois if my landlord isn't fixing problems?,True,2025-01-21 09:52:32.250393
Who won the last Chicago Bears game?,False,2025-01-21 09:52:32.250393
How much child support am I required to pay if I live in Illinois?,True,2025-01-21 09:52:32.250393
What are the best craft breweries in Chicago?,False,2025-01-21 09:52:32.250393
How do I deal with harassment from a coworker?,True,2025-01-21 09:52:32.250393
Where's a good place to go apple picking near Peoria?,False,2025-01-21 09:52:32.250393
Can a landlord evict me without notice in Illinois?,True,2025-01-21 09:52:32.250393
When is the best time to visit the Art Institute of Chicago?,False,2025-01-21 09:52:32.250393
At what age can children legally stay home alone in Illinois?,True,2025-01-21 09:52:32.250393
What's the forecast for the weekend in Chicago?,False,2025-01-21 09:52:32.250393
How do I set up a will in Illinois?,True,2025-01-21 09:52:32.250393
Can you recommend a good vegan restaurant in Springfield?,False,2025-01-21 09:52:32.250393
What's the process for legal name change in Illinois?,True,2025-01-21 09:52:32.250393
How to make authentic Chicago-style deep dish pizza?,False,2025-01-21 09:52:32.250393
Can I get sued for a negative online review about a business?,True,2025-01-21 09:52:32.250393
What are some family-friendly activities in Chicago?,False,2025-01-21 09:52:32.250393
How does Illinois law treat alimony in a divorce?,True,2025-01-21 09:52:32.250393
What's the driving distance between Chicago and Springfield?,False,2025-01-21 09:52:32.250393
What happens if I get caught driving without insurance in Illinois?,True,2025-01-21 09:52:32.250393
What are the top-rated schools in Chicago?,False,2025-01-21 09:52:32.250393
Can I break my lease if my apartment has bed bugs in Illinois?,True,2025-01-21 09:52:32.250393
Where's the nearest public library in Springfield?,False,2025-01-21 09:52:32.250393
What's the process to adopt a child in Illinois?,True,2025-01-21 09:52:32.250393
What's the opening hours of the Lincoln Park Zoo?,False,2025-01-21 09:52:32.250393
Are there any restrictions for flying drones in Chicago?,True,2025-01-21 09:52:32.250393
What are the best farmer's markets in Illinois?,False,2025-01-21 09:52:32.250393
How long does a landlord have to return a security deposit in Illinois?,True,2025-01-21 09:52:32.250393
Who are some of the best blues musicians from Chicago?,False,2025-01-21 09:52:32.250393
Can my employer fire me for being sick in Illinois?,True,2025-01-21 09:52:32.250393
Where can I find the best deep-dish pizza in Chicago?,False,2025-01-21 09:52:32.250393
How to deal with identity theft in Illinois?,True,2025-01-21 09:52:32.250393
What are popular tourist attractions in Springfield?,False,2025-01-21 09:52:32.250393
How to start a small business in Illinois?,True,2025-01-21 09:52:32.250393
What's the temperature in Chicago right now?,False,2025-01-21 09:52:32.250393
Can I legally record a conversation in Illinois without the other party's consent?,True,2025-01-21 09:52:32.250393
What are some good book clubs in Peoria?,False,2025-01-21 09:52:32.250393
Does Illinois law require homeowners insurance?,True,2025-01-21 09:52:32.250393
Who are the players in the Chicago Bulls team?,False,2025-01-21 09:52:32.250393
What are the legal repercussions of a minor drinking alcohol in Illinois?,True,2025-01-21 09:52:32.250393
Where can I watch the latest movies in Springfield?,False,2025-01-21 09:52:32.250393
"I've been falsely accused of shoplifting, what should I do?",True,2025-01-21 09:52:32.250393
Where can I find the best hot dogs in Chicago?,False,2025-01-21 09:52:32.250393
Can I refuse a field sobriety test in Illinois?,True,2025-01-21 09:52:32.250393
What are some good weekend getaways near Chicago?,False,2025-01-21 09:52:32.250393
What should I do if my ex is not following our custody agreement in Illinois?,True,2025-01-21 09:52:32.250393
When does the summer music festival season start in Chicago?,False,2025-01-21 09:52:32.250393
How can I obtain a restraining order in Illinois?,False,2025-01-21 09:52:32.250393
What are the legal consequences for driving without a license in Illinois?,False,2025-01-21 09:52:32.250393
"Can you recommend any hiking trails near Springfield, Illinois?",False,2025-01-21 09:52:32.250393
"I suspect my landlord is entering my apartment without my permission, what can I do?",False,2025-01-21 09:52:32.250393
Where can I learn how to salsa dance in Chicago?,False,2025-01-21 09:52:32.250393
What are my rights as a tenant in Illinois?,False,2025-01-21 09:52:32.250393
What's the average rainfall in Illinois in May?,False,2025-01-21 09:52:32.250393
Do I need a permit to carry a concealed weapon in Illinois?,False,2025-01-21 09:52:32.250393
Can I get fined for not recycling in Chicago?,False,2025-01-21 09:52:32.250393
"I got sold a lemon car by a dealer, what are my options?",False,2025-01-21 09:52:32.250393
How do I make deep dish pizza like they do in Chicago?,False,2025-01-21 09:52:32.250393
Is it legal to keep a pet raccoon in Illinois?,False,2025-01-21 09:52:32.250393
"My employer is not offering health insurance, is that legal?",False,2025-01-21 09:52:32.250393
What is the state bird of Illinois?,False,2025-01-21 09:52:32.250393
What is the best season to visit Starved Rock State Park?,False,2025-01-21 09:52:32.250393
How do I set up a trust for my children in Illinois?,False,2025-01-21 09:52:32.250393
What are the requirements for homeschooling in Illinois?,False,2025-01-21 09:52:32.250393
When do the Chicago Bears play their first game this season?,False,2025-01-21 09:52:32.250393
What are the penalties for shoplifting in Illinois?,False,2025-01-21 09:52:32.250393
How can I keep my garden from freezing in Illinois winters?,False,2025-01-21 09:52:32.250393
"My employer fired me for no reason, can I sue?",False,2025-01-21 09:52:32.250393
How do I register a copyright for my book in Illinois?,False,2025-01-21 09:52:32.250393
What is the fastest route from Chicago to Springfield?,False,2025-01-21 09:52:32.250393
Can I be arrested for not paying my credit card bills?,False,2025-01-21 09:52:32.250393
"Can you recommend a good gym in Naperville, Illinois?",False,2025-01-21 09:52:32.250393
What's the legal age for drinking in Illinois?,False,2025-01-21 09:52:32.250393
When is the Chicago Air and Water Show?,False,2025-01-21 09:52:32.250393
"My ex isn't paying child support, what can I do?",False,2025-01-21 09:52:32.250393
What rights do I have if police want to search my car?,False,2025-01-21 09:52:32.250393
Where's the best place to see the sunrise in Illinois?,False,2025-01-21 09:52:32.250393
How do I start a non-profit organization in Illinois?,False,2025-01-21 09:52:32.250393
Where can I find authentic Mexican food in Chicago?,False,2025-01-21 09:52:32.250393
What's the process for getting a divorce in Illinois?,False,2025-01-21 09:52:32.250393
Is it legal to deny service based on someone's race or religion in Illinois?,False,2025-01-21 09:52:32.250393
What's the best time to plant tomatoes in Illinois?,False,2025-01-21 09:52:32.250393
What is the statute of limitations for personal injury cases in Illinois?,False,2025-01-21 09:52:32.250393
Iss it legal to record phone conversations in Illinois?,False,2025-01-21 09:52:32.250393
What are the top rated high schools in Illinois?,False,2025-01-21 09:52:32.250393
How do I file a complaint against my lawyer in Illinois?,False,2025-01-21 09:52:32.250393
"When is the next farmers market in Peoria, Illinois?",False,2025-01-21 09:52:32.250393
What are the drinking and driving laws in Illinois?,False,2025-01-21 09:52:32.250393
What's the best way to get from O'Hare airport to downtown Chicago?,False,2025-01-21 09:52:32.250393
How do I change my legal name in Illinois?,False,2025-01-21 09:52:32.250393
What's the best time to see fall foliage in Illinois?,False,2025-01-21 09:52:32.250393
How can I start a small business in Illinois?,False,2025-01-21 09:52:32.250393
What should I do if my identity has been stolen?,False,2025-01-21 09:52:32.250393
"I was injured at work, what are my rights?",False,2025-01-21 09:52:32.250393
Where can I spot bald eagles in Illinois?,False,2025-01-21 09:52:32.250393
What are the laws about carrying a knife in Illinois?,False,2025-01-21 09:52:32.250393
Where can I find the best jazz clubs in Chicago?,False,2025-01-21 09:52:32.250393
How do I file for divorce in Illinois?,False,2025-01-21 09:52:32.250393
"My neighbor's tree branches are hanging over my fence, what can I do?",False,2025-01-21 09:52:32.250393
Can my boss make me work overtime without extra pay?,False,2025-01-21 09:52:32.250393
What's the best pizza place in Chicago?,False,2025-01-21 09:52:32.250393
When does the Cubs season start?,False,2025-01-21 09:52:32.250393
Where can I find the best deep-dish pizza in Illinois?,False,2025-01-21 09:52:32.250393
"If I find a lost item, am I legally obligated to return it?",False,2025-01-21 09:52:32.250393
"What are the noise regulations in Rockford, Illinois?",False,2025-01-21 09:52:32.250393
Where can I buy Chicago Bears merchandise?,False,2025-01-21 09:52:32.250393
What is the legal age for drinking in Illinois?,False,2025-01-21 09:52:32.250393
How's the weather in Springfield today?,False,2025-01-21 09:52:32.250393
What are my rights if I'm stopped by the police?,False,2025-01-21 09:52:32.250393
Can you recommend some good hiking trails in Illinois?,False,2025-01-21 09:52:32.250393
How can I draft a legally binding contract for my small business?,False,2025-01-21 09:52:32.250393
Can I sue a restaurant for food poisoning in Illinois?,False,2025-01-21 09:52:32.250393
I got a parking ticket. Can I fight it?,False,2025-01-21 09:52:32.250393
Where can I learn salsa dancing in Chicago?,False,2025-01-21 09:52:32.250393
What are the laws about owning a dog in Illinois?,False,2025-01-21 09:52:32.250393
What are the top rated museums in Illinois?,False,2025-01-21 09:52:32.250393
How do I report a crime anonymously?,False,2025-01-21 09:52:32.250393
What time does the Willis Tower Skydeck close?,False,2025-01-21 09:52:32.250393
What is the process to adopt a child in Illinois?,False,2025-01-21 09:52:32.250393
Can you suggest a romantic getaway in Illinois?,False,2025-01-21 09:52:32.250393
How can I change my child's last name?,False,2025-01-21 09:52:32.250393
What are the regulations for home-based businesses in Illinois?,False,2025-01-21 09:52:32.250393
Where can I get the best Chicago-style hot dog?,False,2025-01-21 09:52:32.250393
How do I apply for a restraining order?,False,2025-01-21 09:52:32.250393
What are my rights as a tenant in Chicago?,False,2025-01-21 09:52:32.250393
What are some fun things to do in Naperville?,False,2025-01-21 09:52:32.250393
"I've been discriminated against at work, what should I do?",False,2025-01-21 09:52:32.250393
How do I establish a non-profit organization in Illinois?,False,2025-01-21 09:52:32.250393
Can you suggest some family-friendly activities in Peoria?,False,2025-01-21 09:52:32.250393
How do I register a patent in Illinois?,False,2025-01-21 09:52:32.250393
When is the next Chicago Marathon?,False,2025-01-21 09:52:32.250393
How do I appeal a traffic violation ticket?,False,2025-01-21 09:52:32.250393
What are some popular fishing spots in Illinois?,False,2025-01-21 09:52:32.250393
How can I legally change my name in Illinois?,False,2025-01-21 09:52:32.250393
Are there laws about smoking in public places in Illinois?,False,2025-01-21 09:52:32.250393
Where can I buy the best popcorn in Chicago?,False,2025-01-21 09:52:32.250393
What is the right way to file a complaint against a police officer?,False,2025-01-21 09:52:32.250393
Where is the best place to see fall colors in Illinois?,False,2025-01-21 09:52:32.250393
What festivals are happening in Illinois this summer?,False,2025-01-21 09:52:32.250393
Can I legally break my lease because my apartment is infested with pests?,False,2025-01-21 09:52:32.250393
What are my rights if my landlord refuses to repair my heating?,False,2025-01-21 09:52:32.250393
Where can I find a good yoga class in Springfield?,False,2025-01-21 09:52:32.250393
What are the requirements to get a driver's license in Illinois?,False,2025-01-21 09:52:32.250393
Can you recommend a good coffee shop in Rockford?,False,2025-01-21 09:52:32.250393
How can I start a class action lawsuit?,False,2025-01-21 09:52:32.250393
Do I need a permit to carry a concealed weapon in Illinois?,False,2025-01-21 09:52:32.250393
What are the best places to spot birds in Illinois?,False,2025-01-21 09:52:32.250393
How do I establish a small business in Illinois?,True,2025-01-21 09:52:32.250393
What is the speed limit on Illinois highways?,True,2025-01-21 09:52:32.250393
Where can I go for a hike in Illinois?,False,2025-01-21 09:52:32.250393
What are the labor laws about breaks in Illinois?,True,2025-01-21 09:52:32.250393
Whats the weather going to be like in Springfield next week?,False,2025-01-21 09:52:32.250393
Can I sue my landlord for not fixing the heat?,True,2025-01-21 09:52:32.250393
How do I apply for citizenship in Illinois?,True,2025-01-21 09:52:32.250393
Do I have the right to refuse a police search of my house?,True,2025-01-21 09:52:32.250393
Who won the last Bears game?,False,2025-01-21 09:52:32.250393
What are the best schools in Chicago?,False,2025-01-21 09:52:32.250393
What is the legal drinking age in Illinois?,True,2025-01-21 09:52:32.250393
Who's performing at the Chicago Symphony Orchestra this weekend?,False,2025-01-21 09:52:32.250393
How can I legally change my name in Illinois?,True,2025-01-21 09:52:32.250393
What are the laws about noise complaints in my town?,True,2025-01-21 09:52:32.250393
"I've been discriminated against at work, what should I do?",True,2025-01-21 09:52:32.250393
What's the best route from Naperville to Lincoln Park?,False,2025-01-21 09:52:32.250393
How can I create a will in Illinois?,True,2025-01-21 09:52:32.250393
What are the laws on open-carry in Illinois?,True,2025-01-21 09:52:32.250393
Where can I take my kids for a fun day out in Illinois?,False,2025-01-21 09:52:32.250393
When do the blueberries ripen in Illinois?,False,2025-01-21 09:52:32.250393
Can I legally record a conversation in Illinois?,True,2025-01-21 09:52:32.250393
Do I need a permit to sell food from my home?,True,2025-01-21 09:52:32.250393
Where can I learn to sail in Lake Michigan?,False,2025-01-21 09:52:32.250393
What's the best brunch spot in Evanston?,False,2025-01-21 09:52:32.250393
"I got a speeding ticket, how can I fight it?",True,2025-01-21 09:52:32.250393
How do I get a restraining order in Illinois?,True,2025-01-21 09:52:32.250393
Are there any vegan restaurants in Joliet?,False,2025-01-21 09:52:32.250393
Who has custody rights to our pet after divorce in Illinois?,True,2025-01-21 09:52:32.250393
"I slipped at a store, do they have to pay for my medical bills?",True,2025-01-21 09:52:32.250393
Where can I watch the fireworks on 4th of July in Chicago?,False,2025-01-21 09:52:32.250393
Can a landlord enter my apartment without notice?,True,2025-01-21 09:52:32.250393
What are the consequences of driving without insurance in Illinois?,True,2025-01-21 09:52:32.250393
What time does the Art Institute close?,False,2025-01-21 09:52:32.250393
Is there a farmers market in Elgin this weekend?,False,2025-01-21 09:52:32.250393
"I was fired without reason, can I sue my employer?",True,2025-01-21 09:52:32.250393
What are the laws about homeschooling in Illinois?,True,2025-01-21 09:52:32.250393
How do I adopt a child in Illinois?,True,2025-01-21 09:52:32.250393
Where's the best fishing spot near Peoria?,False,2025-01-21 09:52:32.250393
What is the legal process for eviction in Illinois?,True,2025-01-21 09:52:32.250393
Can I sell homemade wine without a license?,True,2025-01-21 09:52:32.250393
What's the best way to get tickets for a Bulls game?,False,2025-01-21 09:52:32.250393
How can I contest a parking ticket in Illinois?,True,2025-01-21 09:52:32.250393
What are the regulations for starting a food truck?,True,2025-01-21 09:52:32.250393
Can I swim in Lake Michigan?,False,2025-01-21 09:52:32.250393
"I suspect nursing home abuse, what should I do?",True,2025-01-21 09:52:32.250393
Where's a good place for a romantic dinner in Chicago?,False,2025-01-21 09:52:32.250393
What are my rights if a product I bought is defective?,True,2025-01-21 09:52:32.250393
Who are the most popular musicians from Illinois?,False,2025-01-21 09:52:32.250393
How can I deal with harassment at work legally?,True,2025-01-21 09:52:32.250393
Is it legal to own a pet monkey in Illinois?,True,2025-01-21 09:52:32.250393
